Microsoft Windows [VersiÃ³n 10.0.26100.6899]
(c) Microsoft Corporation. Todos los derechos reservados.

C:\Users\Juan Pablo>mysqlsh
MySQL Shell 8.0.43

Copyright (c) 2016, 2025, Oracle and/or its affiliates.
Oracle is a registered trademark of Oracle Corporation and/or its affiliates.
Other names may be trademarks of their respective owners.

Type '\help' or '\?' for help; '\quit' to exit.
 MySQL  JS > \sql
Switching to SQL mode... Commands end with ;
 MySQL  SQL > \connect --mc root@localhost
Creating a Classic session to 'root@localhost'
Fetching global names for auto-completion... Press ^C to stop.
Your MySQL connection id is 23
Server version: 8.0.43 MySQL Community Server - GPL
No default schema selected; type \use <schema> to set one.
 MySQL  localhost:3306 ssl  SQL > use tbd3;
Default schema set to `tbd3`.
Fetching global names, object names from `tbd3` for auto-completion... Press ^C to stop.
 MySQL  localhost:3306 ssl  tbd3  SQL > select calificaion(90);
ERROR: 1305 (42000): FUNCTION tbd3.calificaion does not exist
 MySQL  localhost:3306 ssl  tbd3  SQL > select calificacion(90);
+------------------+
| calificacion(90) |
+------------------+
| A                |
+------------------+
1 row in set (0.0120 sec)
 MySQL  localhost:3306 ssl  tbd3  SQL > select dia_semana(2);
+---------------+
| dia_semana(2) |
+---------------+
| Lunes         |
+---------------+
1 row in set (0.0010 sec)
 MySQL  localhost:3306 ssl  tbd3  SQL > select dia_semana(10);
+----------------+
| dia_semana(10) |
+----------------+
| No Valido      |
+----------------+
1 row in set (0.0004 sec)
 MySQL  localhost:3306 ssl  tbd3  SQL > select sumatoria_loop(5);
+-------------------+
| sumatoria_loop(5) |
+-------------------+
|                15 |
+-------------------+
1 row in set (0.0010 sec)
 MySQL  localhost:3306 ssl  tbd3  SQL > select sumatoria_while(5);
+--------------------+
| sumatoria_while(5) |
+--------------------+
|                 15 |
+--------------------+
1 row in set (0.0010 sec)
 MySQL  localhost:3306 ssl  tbd3  SQL > select sumatoria_repeat(5);
+---------------------+
| sumatoria_repeat(5) |
+---------------------+
|                  15 |
+---------------------+
1 row in set (0.0009 sec)
 MySQL  localhost:3306 ssl  tbd3  SQL >